title,price,image,dispatch,code
Hills Prescription Diet d/d Dog Food - Duck & Rice Dry » 5kg Bag,33.93,http://static2.viovet.co.uk/pi/image_import_1467892262.jpg, Estimated dispatch within 24 working hours.,110313
Hills Prescription Diet d/d Dog Food - Duck & Rice Dry » 12kg Bag,64.27,http://static2.viovet.co.uk/pi/image_import_1467892262.jpg, Estimated dispatch within 24 working hours.,117689
Hills Prescription Diet d/d Dog Food - Lamb Wet » 12 x 370g Cans,25.41,http://static1.viovet.co.uk/pi/image_import_1421919405.jpg, Estimated dispatch within 24 working hours.,110320
Hills Prescription Diet d/d Dog Food - Salmon & Rice Dry » 2kg Bag,15.61,http://static2.viovet.co.uk/pi/image_import_1467892324.jpg, Estimated dispatch within 24 working hours.,110309
Hills Prescription Diet d/d Dog Food - Salmon & Rice Dry » 5kg Bag,33.05,http://static2.viovet.co.uk/pi/image_import_1467892324.jpg, Estimated dispatch within 24 working hours.,110312
Hills Prescription Diet d/d Dog Food - Salmon & Rice Dry » 12kg Bag,63.88,http://static2.viovet.co.uk/pi/image_import_1467892324.jpg, Estimated dispatch within 24 working hours.,117753
Hills Prescription Diet d/d Dog Food - Salmon Wet » 12 x 370g Cans,25.24,http://static2.viovet.co.uk/pi/image_import_1421919858.jpg, Estimated dispatch within 24 working hours.,112180
Hills Prescription Diet d/d Dog Food - Venison Wet » 12 x 370g Cans,25.51,http://static1.viovet.co.uk/pi/image_import_1400854797.jpg, Estimated dispatch within 24 working hours.,110317
Hills Prescription Diet w/d Dog Food - Dry » 12kg Bag (Damaged - grade A),43.15,http://static2.viovet.co.uk/pi/image_import_1425052134.jpg, Estimated dispatch within 1 to 4 working days.,225103
Hills Prescription Diet w/d Dog Food - Dry » 1.5kg Bag,10.84,http://static2.viovet.co.uk/pi/image_import_1425052134.jpg, Estimated dispatch within 24 working hours.,110360
Hills Prescription Diet w/d Dog Food - Dry » 4kg Bag,23.89,http://static2.viovet.co.uk/pi/image_import_1425052134.jpg, Estimated dispatch within 24 working hours.,110359
Hills Prescription Diet w/d Dog Food - Dry » 12kg Bag,47.94,http://static2.viovet.co.uk/pi/image_import_1425052134.jpg, Estimated dispatch within 24 working hours.,110361
Hills Prescription Diet w/d Dog Food - Mini Dry » 1.5kg Bag,10.86,http://static1.viovet.co.uk/pi/image_import_1425052217.jpg, Estimated dispatch within 24 working hours.,117199
Hills Prescription Diet w/d Dog Food - Mini Dry » 6kg Bag,34.50,http://static1.viovet.co.uk/pi/image_import_1425052217.jpg, Estimated dispatch within 24 working hours.,117200
Hills Prescription Diet w/d Dog Food - Wet » 12 x 370g Cans,25.56,http://static2.viovet.co.uk/pi/image_import_1425052278.jpg, Estimated dispatch within 24 working hours.,110357
Hills Prescription Diet l/d Dog Food - Dry » 2kg Bag,16.93,http://static1.viovet.co.uk/pi/image_import_1425048359.jpg, Estimated dispatch within 24 working hours.,110338
Hills Prescription Diet l/d Dog Food - Dry » 5kg Bag,35.10,http://static1.viovet.co.uk/pi/image_import_1425048359.jpg, Estimated dispatch within 24 working hours.,110339
Hills Prescription Diet l/d Dog Food - Dry » 12kg Bag,62.26,http://static1.viovet.co.uk/pi/image_import_1425048359.jpg, Estimated dispatch within 24 working hours.,125889
Hills Prescription Diet l/d Dog Food - Wet » 12 x 370g Cans,27.68,http://static1.viovet.co.uk/pi/image_import_1425048441.jpg, Estimated dispatch within 24 working hours.,110336
Hills Prescription Diet i/d Dog Food - Dry » 12kg Bag (Damaged - grade B),42.38,http://static1.viovet.co.uk/pi/image_import_1425043211.jpg, Estimated dispatch within 24 working hours.,224678
Hills Prescription Diet i/d Dog Food - Low Fat Dry » 12kg Bag (Damaged - grade A),57.36,http://static1.viovet.co.uk/pi/image_import_1457355011.jpg, Estimated dispatch within 24 working hours.,225072
Hills Prescription Diet i/d Dog Food - Dry » 2kg Bag,14.90,http://static1.viovet.co.uk/pi/image_import_1425043211.jpg, Estimated dispatch within 24 working hours.,110324
Hills Prescription Diet i/d Dog Food - Dry » 5kg Bag,32.50,http://static2.viovet.co.uk/pi/image_import_1454688444.jpg, Estimated dispatch within 24 working hours.,110325
Hills Prescription Diet i/d Dog Food - Dry » 12kg Bag,49.86,http://static1.viovet.co.uk/pi/image_import_1425043211.jpg, Estimated dispatch within 24 working hours.,117688
Hills Prescription Diet i/d Dog Food - Low Fat Dry » 1.5kg Bag,12.02,http://static1.viovet.co.uk/pi/image_import_1457355011.jpg, Estimated dispatch within 24 working hours.,140544
Hills Prescription Diet i/d Dog Food - Low Fat Dry » 6kg Bag,36.32,http://static1.viovet.co.uk/pi/image_import_1457355011.jpg, Estimated dispatch within 24 working hours.,140546
Hills Prescription Diet i/d Dog Food - Low Fat Dry » 12kg Bag,63.73,http://static1.viovet.co.uk/pi/image_import_1457355011.jpg, Estimated dispatch within 24 working hours.,140547
Hills Prescription Diet i/d Dog Food - Low Fat Wet » 12 x 360g Cans,25.24,http://static2.viovet.co.uk/pi/image_import_1425043530.jpg, Estimated dispatch within 24 working hours.,140548
Hills Prescription Diet i/d Dog Food - Mini Stress » Dry » 1.5g Bag,10.42,http://static2.viovet.co.uk/pi/image_import_1464172868.png, Estimated dispatch within 24 working hours.,218259
Hills Prescription Diet i/d Dog Food - Mini Stress » Dry » 5kg Bag,33.79,http://static2.viovet.co.uk/pi/image_import_1464172868.png, Estimated dispatch within 24 working hours.,218285
Hills Prescription Diet i/d Dog Food - Recovery Pack Wet » 3 x 360g Cans,6.21,http://static2.viovet.co.uk/pi/image_import_1425043616.jpg, Estimated dispatch within 24 working hours.,153711
Hills Prescription Diet i/d Dog Food - Recovery Pack Wet » 12 x 360g Cans,25.46,http://static2.viovet.co.uk/pi/image_import_1425043616.jpg, Estimated dispatch within 24 working hours.,110327
Hills Prescription Diet i/d Dog Food - Sensitive Dry » 1.5kg Bag,11.94,http://static1.viovet.co.uk/pi/image_import_1425043771.png, Estimated dispatch within 24 working hours.,157253
Hills Prescription Diet i/d Dog Food - Sensitive Dry » 5kg Bag,35.62,http://static1.viovet.co.uk/pi/image_import_1425043771.png, Estimated dispatch within 24 working hours.,157258
Hills Prescription Diet i/d Dog Food - Sensitive Dry » 12kg Bag,65.45,http://static1.viovet.co.uk/pi/image_import_1425043771.png, Estimated dispatch within 24 working hours.,157255
Hills Prescription Diet i/d Dog Food - Wet » 12 x 360g Cans,25.52,http://static2.viovet.co.uk/pi/image_import_1425043616.jpg, Estimated dispatch within 24 working hours.,110323
Hills Prescription Diet c/d Dog Food - Dry » 2kg Bag,13.87,http://static2.viovet.co.uk/pi/image_import_1421918480.jpg, Estimated dispatch within 24 working hours.,110256
Hills Prescription Diet c/d Dog Food - Dry » 5kg Bag,33.02,http://static2.viovet.co.uk/pi/image_import_1421918480.jpg, Estimated dispatch within 24 working hours.,110257
Hills Prescription Diet c/d Dog Food - Dry » 12kg Bag,60.18,http://static2.viovet.co.uk/pi/image_import_1421918480.jpg, Estimated dispatch within 24 working hours.,117721
Hills Prescription Diet c/d Dog Food - Wet » 12 x 370g Cans,26.23,http://static1.viovet.co.uk/pi/image_import_1421918587.jpg, Estimated dispatch within 24 working hours.,110259
Hills Prescription Diet k/d Dog Food - Dry » 12kg Bag (Damaged - grade A),53.45,http://static2.viovet.co.uk/pi/image_import_1425045298.jpg, Estimated dispatch within 24 working hours.,224982
Hills Prescription Diet k/d Dog Food - Dry » 2kg Bag,16.01,http://static2.viovet.co.uk/pi/image_import_1425045298.jpg, Estimated dispatch within 24 working hours.,110248
Hills Prescription Diet k/d Dog Food - Dry » 5kg Bag,33.70,http://static2.viovet.co.uk/pi/image_import_1425045298.jpg, Estimated dispatch within 24 working hours.,110249
Hills Prescription Diet k/d Dog Food - Dry » 12kg Bag,59.39,http://static2.viovet.co.uk/pi/image_import_1425045298.jpg, Estimated dispatch within 24 working hours.,117729
Hills Prescription Diet k/d Dog Food - Wet » 12 x 370g Cans,25.50,http://static1.viovet.co.uk/pi/image_import_1425045411.jpg,"",110333
Hills Prescription Diet j/d Dog Food - Reduced Calorie Dry » 12kg Bag (Damaged - grade A),49.46,http://static2.viovet.co.uk/pi/image_import_1425044734.jpg, Estimated dispatch within 24 working hours.,225207
Hills Prescription Diet j/d Dog Food - Dry » 2kg Bag,16.39,http://static2.viovet.co.uk/pi/image_import_1457352838.jpg, Estimated dispatch within 24 working hours.,110330
Hills Prescription Diet j/d Dog Food - Dry » 5kg Bag,33.62,http://static1.viovet.co.uk/pi/image_import_1425044537.jpg, Estimated dispatch within 24 working hours.,110329
Hills Prescription Diet j/d Dog Food - Dry » 12kg Bag,46.90,http://static1.viovet.co.uk/pi/image_import_1425044537.jpg, Estimated dispatch within 24 working hours.,117677
Hills Prescription Diet j/d Dog Food - Mini Dry » 2kg Bag,16.32,http://static1.viovet.co.uk/pi/image_import_1425044625.jpg, Estimated dispatch within 24 working hours.,117195
Hills Prescription Diet j/d Dog Food - Mini Dry » 5kg Bag,34.22,http://static1.viovet.co.uk/pi/image_import_1425044625.jpg, Estimated dispatch within 24 working hours.,117196
Hills Prescription Diet j/d Dog Food - Reduced Calorie Dry » 4kg Bag,27.92,http://static2.viovet.co.uk/pi/image_import_1425044734.jpg, Estimated dispatch within 24 working hours.,110334
Hills Prescription Diet j/d Dog Food - Reduced Calorie Dry » 12kg Bag,54.95,http://static2.viovet.co.uk/pi/image_import_1425044734.jpg, Estimated dispatch within 24 working hours.,110332
Hills Prescription Diet j/d Dog Food - Wet » 12 x 370g Cans,27.16,http://static1.viovet.co.uk/pi/image_import_1425044829.jpg, Estimated dispatch within 24 working hours.,110328
Hills Prescription Diet Metabolic + Mobility Dog Food - Dry » 12kg Bag (Damaged - grade A),49.31,, Estimated dispatch within 1 to 4 working days.,223735
Hills Prescription Diet Metabolic + Mobility Dog Food - Dry » 4kg Bag,28.67,, Estimated dispatch within 24 working hours.,179703
Hills Prescription Diet Metabolic + Mobility Dog Food - Dry » 12kg Bag,54.79,, Estimated dispatch within 24 working hours.,179700
Hills Prescription Diet z/d Dog Food - Dry » 10kg Bag (Damaged - grade B),40.79,http://static1.viovet.co.uk/pi/image_import_1467889377.jpg, Estimated dispatch within 24 working hours.,224442
Hills Prescription Diet z/d Dog Food - Ultra Allergen Free Wet » 12 x 370g Cans (Damaged - grade A),24.43,http://static2.viovet.co.uk/pi/image_import_1425053060.jpg, Estimated dispatch within 24 working hours.,225095
Hills Prescription Diet z/d Dog Food - Dry » 3kg Bag,24.04,http://static1.viovet.co.uk/pi/image_import_1467889377.jpg, Estimated dispatch within 24 working hours.,110364
Hills Prescription Diet z/d Dog Food - Dry » 10kg Bag,47.99,http://static1.viovet.co.uk/pi/image_import_1467889377.jpg, Estimated dispatch within 24 working hours.,110365
Hills Prescription Diet z/d Dog Food - Mini Dry » 1.5kg Bag,13.91,http://static1.viovet.co.uk/pi/image_import_1436871351.jpg, Estimated dispatch within 24 working hours.,180053
Hills Prescription Diet z/d Dog Food - Mini Dry » 6kg Bag,41.61,http://static1.viovet.co.uk/pi/image_import_1436871351.jpg, Estimated dispatch within 24 working hours.,180054
Hills Prescription Diet z/d Dog Food - Ultra Allergen Free Wet » 12 x 370g Cans,27.14,http://static2.viovet.co.uk/pi/image_import_1425053060.jpg, Estimated dispatch within 24 working hours.,110367
Hills Prescription Diet u/d Dog Food - Dry » 5kg Bag,35.59,http://static1.viovet.co.uk/pi/image_import_1425051587.jpg, Estimated dispatch within 24 working hours.,110354
Hills Prescription Diet u/d Dog Food - Dry » 12kg Bag,63.35,http://static1.viovet.co.uk/pi/image_import_1425051587.jpg, Estimated dispatch within 24 working hours.,124969
Hills Prescription Diet u/d Dog Food - Wet » 12 x 370g Cans,27.17,http://static2.viovet.co.uk/pi/image_import_1425051628.jpg, Estimated dispatch within 24 working hours.,110355
Hills Prescription Diet t/d Dog Food - Dry » 10kg Bag (Damaged - grade A),53.00,http://static1.viovet.co.uk/pi/image_import_1425051057.jpg, Estimated dispatch within 24 working hours.,224880
Hills Prescription Diet t/d Dog Food - Dry » 3kg Bag,22.48,http://static1.viovet.co.uk/pi/image_import_1425051057.jpg, Estimated dispatch within 24 working hours.,110351
Hills Prescription Diet t/d Dog Food - Dry » 10kg Bag,58.89,http://static1.viovet.co.uk/pi/image_import_1425051057.jpg, Estimated dispatch within 24 working hours.,110350
Hills Prescription Diet t/d Dog Food - Mini Dry » 3kg Bag,22.36,http://static2.viovet.co.uk/pi/image_import_1425051148.jpg, Estimated dispatch within 24 working hours.,110353
Hills Prescription Metabolic Advanced Weight Dog Food - Dry » 1.5kg Bag,11.52,http://static1.viovet.co.uk/pi/image_import_1457354033.jpg, Estimated dispatch within 24 working hours.,142743
Hills Prescription Metabolic Advanced Weight Dog Food - Dry » 4kg Bag,26.76,http://static2.viovet.co.uk/pi/image_import_1457353226.jpg, Estimated dispatch within 24 working hours.,142741
Hills Prescription Metabolic Advanced Weight Dog Food - Dry » 12kg Bag,50.95,http://static1.viovet.co.uk/pi/image_import_1455538043.jpg, Estimated dispatch within 24 working hours.,142740
Hills Prescription Metabolic Advanced Weight Dog Food - Mini Dry » 1.5kg Bag,12.20,http://static1.viovet.co.uk/pi/image_import_1458749487.jpg, Estimated dispatch within 24 working hours.,151003
Hills Prescription Metabolic Advanced Weight Dog Food - Mini Dry » 6kg Bag,39.25,http://static1.viovet.co.uk/pi/image_import_1458749487.jpg, Estimated dispatch within 24 working hours.,151004
Hills Prescription Metabolic Advanced Weight Dog Food - Wet » 12 x 370g Cans,27.40,http://static2.viovet.co.uk/pi/image_import_1425048978.jpg, Estimated dispatch within 24 working hours.,142742
Hills Prescription Diet a/d Dog & Cat Food - Liver & Chicken Wet » 24 x 156g Cans,44.13,, Estimated dispatch within 24 working hours.,110368
Hills Prescription Diet r/d Dog Food - Dry » 1.5kg Bag,11.29,http://static2.viovet.co.uk/pi/image_import_1425049772.jpg, Estimated dispatch within 24 working hours.,110346
Hills Prescription Diet r/d Dog Food - Dry » 4kg Bag,24.31,http://static2.viovet.co.uk/pi/image_import_1425049772.jpg, Estimated dispatch within 24 working hours.,110347
Hills Prescription Diet r/d Dog Food - Dry » 12kg Bag,44.99,http://static2.viovet.co.uk/pi/image_import_1425049772.jpg, Estimated dispatch within 24 working hours.,110348
Hills Prescription Diet r/d Dog Food - Mini Dry » 1.5kg Bag,11.11,http://static1.viovet.co.uk/pi/image_import_1425049873.jpg, Estimated dispatch within 24 working hours.,117197
Hills Prescription Diet r/d Dog Food - Mini Dry » 6kg Bag,37.17,http://static1.viovet.co.uk/pi/image_import_1425049873.jpg, Estimated dispatch within 24 working hours.,117198
Hills Prescription Diet r/d Dog Food - Wet » 12 x 350g Cans,25.73,http://static1.viovet.co.uk/pi/image_import_1425049975.jpg, Estimated dispatch within 24 working hours.,110345
